<?xml version="1.0" encoding="UTF-8"?>
<project-private xmlns="http://www.netbeans.org/ns/project-private/1">
    <editor-bookmarks xmlns="http://www.netbeans.org/ns/editor-bookmarks/2" lastBookmarkId="0"/>
    <open-files xmlns="http://www.netbeans.org/ns/projectui-open-files/2">
        <group>
            <file>file:/Users/BLHA/NetBeansProjects/sys_enchere/src/sys_enchere/enchere_database.java</file>
            <file>file:/Users/BLHA/NetBeansProjects/sys_enchere/src/sys_enchere/FXMLController.java</file>
            <file>file:/Users/BLHA/NetBeansProjects/sys_enchere/src/sys_enchere/Sys_enchere.java</file>
        </group>
    </open-files>
</project-private>
