<?xml version="1.0" encoding="UTF-8"?>
<project-private xmlns="http://www.netbeans.org/ns/project-private/1">
    <editor-bookmarks xmlns="http://www.netbeans.org/ns/editor-bookmarks/2" lastBookmarkId="5">
        <file>
            <url>src/sys_enchere/ajout_UI.fxml</url>
            <bookmark id="1">
                <name/>
                <line>0</line>
                <key/>
            </bookmark>
        </file>
        <file>
            <url>src/sys_enchere/enchere_database.java</url>
            <bookmark id="5">
                <name/>
                <line>74</line>
                <key/>
            </bookmark>
        </file>
        <file>
            <url>src/sys_enchere/Enchere_uiController.java</url>
            <bookmark id="4">
                <name/>
                <line>57</line>
                <key/>
            </bookmark>
        </file>
        <file>
            <url>src/sys_enchere/Interface_utilController.java</url>
            <bookmark id="2">
                <name/>
                <line>0</line>
                <key/>
            </bookmark>
        </file>
    </editor-bookmarks>
    <open-files xmlns="http://www.netbeans.org/ns/projectui-open-files/2">
        <group>
            <file>file:/Users/BLHA/NetBeansProjects/sys_enchere/src/sys_enchere/FXML.fxml</file>
            <file>file:/Users/BLHA/NetBeansProjects/sys_enchere/src/sys_enchere/enchere_database.java</file>
            <file>file:/Users/BLHA/NetBeansProjects/sys_enchere/src/sys_enchere/FXMLController.java</file>
            <file>file:/Users/BLHA/NetBeansProjects/sys_enchere/src/sys_enchere/enchere_ui.fxml</file>
            <file>file:/Users/BLHA/NetBeansProjects/sys_enchere/src/sys_enchere/ajout_UI.fxml</file>
            <file>file:/Users/BLHA/NetBeansProjects/sys_enchere/src/sys_enchere/Inetface_adminController.java</file>
            <file>file:/Users/BLHA/NetBeansProjects/sys_enchere/src/sys_enchere/Sys_enchere.java</file>
            <file>file:/Users/BLHA/NetBeansProjects/sys_enchere/src/sys_enchere/Produit.java</file>
            <file>file:/Users/BLHA/NetBeansProjects/sys_enchere/src/sys_enchere/Enchere_uiController.java</file>
            <file>file:/Users/BLHA/NetBeansProjects/sys_enchere/src/sys_enchere/Ajout_UIController.java</file>
            <file>file:/Users/BLHA/NetBeansProjects/sys_enchere/src/sys_enchere/Modif_UIController.java</file>
            <file>file:/Users/BLHA/NetBeansProjects/sys_enchere/src/sys_enchere/Interface_utilController.java</file>
            <file>file:/Users/BLHA/NetBeansProjects/sys_enchere/src/sys_enchere/Enchere.java</file>
            <file>file:/Users/BLHA/NetBeansProjects/sys_enchere/src/sys_enchere/inetface_admin.fxml</file>
            <file>file:/Users/BLHA/NetBeansProjects/sys_enchere/src/sys_enchere/modif_UI.fxml</file>
        </group>
    </open-files>
</project-private>
